"2023-04","2023-05","2023-06","2023-07","2023-08","2023-09","2023-10","2023-11","2023-12","2024-01","2024-02","2024-03"
"1857.0","1908.5","2308.5","2386.0","2515.0","2677.5","2590.0","2794.5","2590.5","3000.0","3621.0","3792.0"
"852.9","932.5","1065.0","1146.0","1163.5","1268.5","1257.0","1255.0","1211.5","1395.0","1542.0","1557.0"
"12830.0","13160.0","12965.0","13315.0","12145.0","12240.0","12425.0","12820.0","13410.0","14695.0","12945.0","12985.0"
"15495.0","19315.0","20560.0","21245.0","21575.0","20440.0","19755.0","24025.0","25255.0","27865.0","36870.0","39570.0"
"5018.0","5586.0","6930.0","7265.0","7196.0","7128.0","6955.0","6886.0","2253.5","2565.0","3205.0","3487.0"
"7485.0","8046.0","8896.0","9298.0","9694.0","9275.0","9477.0","10285.0","10170.0","11675.0","12665.0","13905.0"
"61100.0","67800.0","67850.0","63760.0","60520.0","55500.0","58150.0","63350.0","62120.0","66580.0","70040.0","69540.0"
"5549.0","5678.0","6159.0","6694.0","6681.0","7347.0","7220.0","7258.0","6880.0","7700.0","8344.0","8909.0"
"4229.0","4404.0","5411.0","5541.0","5432.0","5423.0","5417.0","5392.0","5298.0","6031.0","6553.0","7106.0"
"3863.0","4297.0","4768.0","4679.0","4659.0","4343.0","4468.0","5212.0","5917.0","5875.0","6387.0","6584.0"
"3824.0","4290.0","4563.0","4933.0","5220.0","4609.0","4333.0","5505.0","5963.0","5927.0","6044.0","6707.0"
"4149.0","3955.0","170.5","162.9","168.3","176.6","176.8","173.1","172.3","186.3","182.3","179.8"
"4492.0","4721.0","5687.0","5750.0","5472.0","5406.0","5373.0","5738.0","5767.0","6752.0","6516.0","6466.0"
"5721.0","5936.0","6542.0","6450.0","6267.0","6230.0","6221.0","6912.0","7359.0","8310.0","8400.0","8196.0"
"2720.0","3144.0","3315.0","3259.0","3227.0","3465.0","3343.0","3648.0","3529.0","3930.0","4376.0","4703.0"
"4647.0","4540.0","4550.0","4347.0","4299.0","4106.0","3858.0","4000.0","3872.0","4423.0","4974.0","4777.0"
"3588.0","4005.0","4341.0","4513.0","4703.0","1682.0","1506.5","1509.0","1466.0","1675.5","1782.0","1891.0"
"1965.0","2053.0","2199.0","2404.0","2410.0","2541.0","2545.5","2512.0","2412.5","2702.0","2801.0","3046.0"
"5094.0","5475.0","6773.0","7242.0","6545.0","6335.0","6124.0","6020.0","6293.0","6460.0","8790.0","8962.0"
"4512.0","4421.0","4527.0","4341.0","4508.0","4641.0","4063.0","4165.0","4054.0","4362.0","4387.0","4184.0"
"14210.0","17565.0","17075.0","16530.0","16155.0","15325.0","14335.0","16665.0","17625.0","18945.0","19485.0","18740.0"
"4248.0","4291.0","4450.0","4187.0","4325.0","4577.0","4487.0","4625.0","4486.0","4897.0","4554.0","4482.0"
"1679.0","1819.0","2027.0","2051.0","1899.0","1849.0","1677.5","2009.0","1999.0","2203.0","2381.5","2512.0"
"1531.5","1485.5","1540.0","1578.0","1670.0","1690.5","1705.0","1798.5","1759.5","1963.5","1972.5","1951.0"
"2427.0","2636.5","3041.0","3047.0","2999.0","2984.0","2938.5","3100.0","3076.0","3415.0","3507.0","3652.0"
"7880.0","8199.0","8236.0","8325.0","8185.0","2734.0","2477.5","2883.5","2993.0","3015.0","3023.0","2824.0"
"24620.0","26560.0","29265.0","28690.0","25225.0","23475.0","21630.0","22155.0","22985.0","23885.0","21175.0","20600.0"
"2923.5","3040.0","3153.0","3153.0","3191.0","3440.0","3521.0","3801.0","3645.0","3895.0","3892.0","4054.0"
"67750.0","75080.0","79480.0","74150.0","70600.0","66980.0","68680.0","74450.0","75760.0","82910.0","90150.0","84830.0"
"5127.0","5906.0","6711.0","6731.0","8270.0","8346.0","7692.0","8268.0","8241.0","9942.0","11825.0","1448.5"
"1920.0","1992.0","2440.0","2513.5","2384.5","2332.0","2178.0","2307.0","2228.5","2541.5","2472.0","2629.0"
"32010.0","32680.0","36720.0","35560.0","33480.0","32590.0","33020.0","37490.0","34990.0","39740.0","43260.0","47140.0"
"4799.0","5227.0","5601.0","5450.0","5249.0","4909.0","4857.0","5025.0","5251.0","5502.0","5363.0","4849.0"
"18060.0","17720.0","18595.0","18385.0","18205.0","17600.0","19415.0","21120.0","21275.0","20840.0","23385.0","2490.0"
"4589.0","4798.0","5032.0","4348.0","4153.0","3893.0","3653.0","4114.0","4147.0","4117.0","4372.0","4185.0"
"3344.0","3292.0","3881.0","3964.0","4150.0","4043.0","3463.0","3772.0","3688.0","4245.0","4346.0","4423.0"
"15410.0","20350.0","22610.0","26640.0","28745.0","27580.0","26155.0","32090.0","34980.0","40380.0","48260.0","57190.0"
"8151.0","8611.0","9645.0","9881.0","9959.0","2401.0","2199.5","2314.0","2127.0","2341.0","2754.0","2883.0"
"6145.0","5845.0","6205.0","5893.0","5981.0","5855.0","5493.0","5495.0","5595.0","5856.0","2230.0","2206.0"
"2691.0","2662.5","2860.5","2918.5","3192.0","3294.0","3247.0","3472.0","3458.0","3728.0","4061.0","1647.5"
"3238.0","3461.0","3790.0","3673.0","3588.0","3605.0","3551.0","3807.0","3620.0","4080.0","4377.0","4501.0"
"5438.0","5678.0","5892.0","5893.0","5661.0","5829.0","5667.0","6098.0","5840.0","6444.0","6446.0","6656.0"
"2300.0","2375.5","2612.5","2731.0","2720.0","2793.0","2715.0","2698.5","2656.0","2868.5","3137.0","3299.0"
"7060.0","8533.0","8541.0","8247.0","8614.0","8658.0","8203.0","8660.0","8473.0","9410.0","9523.0","3370.0"
"4445.0","4798.0","5096.0","5292.0","5240.0","5495.0","5493.0","5533.0","5546.0","6148.0","7410.0","2711.0"
"1672.0","1603.0","1710.0","1737.0","1862.5","1955.0","1914.0","1996.5","1943.0","2062.5","2300.5","2784.5"
"1118.0","984.5","1036.5","1039.0","1117.0","1197.5","1334.0","1304.5","1259.5","1416.0","1446.5","1532.0"
"1085.0","1041.0","1124.0","1183.0","1168.5","1301.0","1399.5","1459.5","1436.0","1535.5","1597.5","1626.0"
"2514.5","2394.5","2738.0","2905.5","2711.5","3097.0","3176.0","3081.0","2992.0","3261.0","3408.0","3853.0"
"1772.0","2290.0","2701.5","2755.5","2450.5","2285.5","1955.5","2603.5","2549.0","2472.0","2454.5","2670.5"
"1273.5","1460.5","1753.5","1760.0","1679.5","1682.0","1309.0","1530.0","1396.5","1408.5","1420.5","1445.5"
"6704.0","6940.0","7845.0","8453.0","7632.0","6931.0","5421.0","5604.0","5695.0","5542.0","5681.0","6130.0"
"2893.0","2715.5","3004.0","3246.0","3447.0","3505.0","3232.0","3457.0","3230.0","3570.0","3715.0","3668.0"
"7804.0","7688.0","7987.0","8053.0","8232.0","8555.0","7872.0","7995.0","8129.0","8441.0","8865.0","2919.0"
"18400.0","21650.0","21575.0","21475.0","22675.0","23270.0","25205.0","33040.0","37170.0","39780.0","39950.0","41800.0"
"3504.0","3755.0","4086.0","4231.0","4457.0","4624.0","4460.0","5218.0","5342.0","5347.0","6000.0","5774.0"
"5210.0","6550.0","6965.0","7183.0","7686.0","8261.0","7205.0","8240.0","8350.0","9700.0","10090.0","10990.0"
"4056.0","4246.0","4562.0","4651.0","4413.0","3963.0","4092.0","4718.0","4622.0","5031.0","5836.0","2729.0"
"485.9","489.0","547.2","586.5","564.2","599.1","579.9","607.3","637.7","769.2","850.8","977.6"
"5505.0","4877.0","5214.0","5402.0","5639.0","5551.0","5494.0","5696.0","5800.0","5863.0","5696.0","5638.0"
"10540.0","17910.0","19150.0","19525.0","18310.0","4181.0","3815.0","4681.0","4797.0","5823.0","6910.0","6819.0"
"4601.0","5173.0","5271.0","5225.0","5546.0","5313.0","5050.0","5689.0","5289.0","5824.0","6082.0","6310.0"
"16845.0","16985.0","18060.0","18135.0","18690.0","3635.0","3396.0","3550.0","3584.0","3693.0","3769.0","3726.0"
"5653.0","5690.0","6459.0","6291.0","6347.0","6433.0","6507.0","6757.0","6896.0","7691.0","8782.0","3190.0"
"4885.0","5421.0","5724.0","5537.0","6173.0","5764.0","5480.0","5526.0","5440.0","6087.0","5503.0","5660.0"
"4699.0","4602.0","5201.0","5697.0","5735.0","6016.0","5784.0","6021.0","6033.0","6688.0","6577.0","1738.5"
"2048.0","1927.0","2099.0","2144.5","2335.0","2204.0","2014.0","2119.0","2122.5","2252.5","2194.0","2384.0"
"2048.0","2207.5","2149.0","2080.5","2214.5","2074.0","1900.0","1797.5","1686.0","1725.0","1651.5","1643.5"
"2367.5","2117.5","2266.0","2316.5","1970.5","1941.5","1999.0","2166.0","2040.5","2200.0","2132.0","2212.5"
"7850.0","8620.0","10255.0","10260.0","10300.0","11775.0","11055.0","12715.0","11500.0","12585.0","14890.0","15650.0"
"3203.0","2972.5","3190.0","3448.0","3886.0","3886.0","3677.0","3974.0","4371.0","5098.0","4772.0","4073.0"
"5243.0","5409.0","5574.0","5595.0","5676.0","5590.0","5436.0","5455.0","5258.0","5510.0","5133.0","5582.0"
"3457.0","3642.0","3792.0","3862.0","4048.0","4015.0","4127.0","4199.0","4272.0","4584.0","4330.0","4528.0"
"7111.0","7926.0","7791.0","7644.0","7478.0","7587.0","7374.0","8190.0","2058.0","2182.5","2204.5","2022.5"
"2767.5","2760.0","2942.0","3078.0","3019.0","2962.5","3167.0","3061.0","3151.0","3533.0","3575.0","3595.0"
"4889.0","4905.0","5113.0","5527.0","5451.0","5631.0","5610.0","5559.0","2706.0","3041.0","3039.0","3308.0"
"482.0","463.8","494.4","515.4","546.3","589.9","557.7","584.4","560.4","598.6","646.3","731.3"
"8698.0","9136.0","9739.0","9533.0","10195.0","10140.0","10450.0","10295.0","10155.0","10720.0","10920.0","10960.0"
"674.7","633.5","690.3","774.4","772.3","828.3","803.5","768.5","716.5","819.9","816.0","950.3"
"4645.0","5340.0","5567.0","5437.0","5314.0","5542.0","5558.0","6870.0","6717.0","7442.0","7786.0","7481.0"
"1473.0","1480.0","1598.0","1832.5","2035.0","2256.0","2182.5","2090.0","1904.5","2045.0","2011.0","2340.5"
"2195.0","2399.0","2703.0","2686.5","2809.5","2906.0","2559.5","2621.0","2586.0","2991.0","3404.0","3448.0"
"3360.0","3175.0","3456.0","3675.0","4036.0","4110.0","3883.0","4061.0","4517.0","5310.0","5132.0","4610.0"
"2790.0","2723.5","2905.5","2899.0","2970.5","2977.0","2939.0","3029.0","3132.0","3347.0","3340.0","3515.0"
"21020.0","21910.0","23960.0","21550.0","21400.0","20165.0","21555.0","22755.0","21835.0","21355.0","20860.0","22850.0"
"5476.0","5309.0","5341.0","5267.0","5812.0","5291.0","5121.0","4763.0","5098.0","5088.0","4976.0","4834.0"
"2209.0","2079.5","2101.5","2102.5","2046.0","2093.0","2119.5","2087.0","2066.0","2123.0","2084.5","2098.0"
"1724.0","1654.0","1757.0","1820.0","1785.5","1801.5","1569.0","1834.0","1795.5","1976.0","2220.5","2347.5"
"2199.5","2280.5","2508.0","2475.5","2543.0","2774.0","2964.5","3019.0","2983.0","3284.0","3914.0","4110.0"
"5610.0","6140.0","7139.0","8295.0","8695.0","8795.0","7906.0","8190.0","8308.0","9786.0","9674.0","10265.0"
"6073.0","6276.0","6070.0","5932.0","6417.0","6686.0","6987.0","6978.0","6798.0","7110.0","7484.0","7750.0"
"1470.0","1596.0","1805.5","1870.0","2074.0","2077.5","1926.5","1971.0","1872.0","2020.5","1920.5","2194.5"
"487.0","481.0","527.1","565.0","640.0","668.8","637.0","630.9","738.5","788.3","810.0","944.0"
"629.0","633.0","740.3","770.1","829.0","863.1","864.0","955.4","949.1","1064.0","1102.0","1151.0"
"6801.0","6345.0","6493.0","6230.0","5916.0","5250.0","4762.0","3966.0","4252.0","4130.0","4047.0","4093.0"
"8760.0","9930.0","10630.0","10100.0","9949.0","9808.0","9683.0","10515.0","10550.0","12310.0","13750.0","13780.0"
"3420.0","3510.0","3961.0","4031.0","4185.0","3893.0","3944.0","4152.0","4101.0","4533.0","4204.0","4243.0"
"17365.0","16995.0","16105.0","17455.0","16620.0","16710.0","16410.0","17060.0","18880.0","19265.0","21980.0","23600.0"
"2957.5","3095.0","3426.0","3406.0","3290.0","3133.0","2952.0","3052.0","3060.0","3270.0","3264.0","3210.0"
"3078.0","3271.0","3321.0","3214.0","3382.0","3042.0","3103.0","2943.0","2826.5","3215.0","2893.0","2828.0"
"2534.0","2379.0","2573.0","2809.0","2904.5","3138.0","2906.5","3204.0","3364.0","3207.0","3525.0","4043.0"
"7833.0","8868.0","9724.0","8976.0","9258.0","8304.0","7961.0","7672.0","7052.0","6998.0","6254.0","6216.0"
"492.2","522.9","588.2","623.0","620.8","660.3","567.4","582.9","554.2","588.4","588.8","608.3"
"3160.0","3369.0","3553.0","3806.0","3729.0","3886.0","3754.0","4174.0","4194.0","4676.0","4438.0","5797.0"
"1519.0","1663.0","1757.0","1782.5","1945.0","1907.0","1822.5","1827.0","1821.5","1917.5","1866.5","1989.0"
"957.7","948.5","972.0","968.4","941.8","939.9","923.4","1026.5","1039.0","1122.5","1041.5","1112.0"
"5510.0","5900.0","6583.0","6171.0","5721.0","5395.0","4877.0","5673.0","5890.0","5627.0","6119.0","6343.0"
"5891.0","5841.0","5990.0","5843.0","6304.0","6185.0","5746.0","5847.0","5881.0","6150.0","6231.0","3137.0"
"2254.0","2209.0","2207.5","2238.0","2330.0","2462.0","2842.0","2880.0","2945.0","3112.0","2994.0","3392.0"
"2791.0","2969.0","3143.0","3225.0","3377.0","3391.0","3379.0","3427.0","3238.0","3401.0","3279.0","3511.0"
"2586.0","2666.0","3120.0","3076.0","3001.0","2908.0","2764.0","2811.0","2775.0","2843.5","2796.0","2917.5"
"20910.0","22590.0","23040.0","23270.0","25330.0","22685.0","22245.0","22695.0","24295.0","22735.0","23425.0","22775.0"
"1654.0","1902.0","2105.5","2311.0","2313.5","2468.0","2672.5","2186.5","2240.5","2465.0","2603.0","2597.5"
"1602.0","1724.0","2050.0","2297.0","2303.5","2191.0","2084.5","2180.0","2187.5","2343.5","2455.0","2540.0"
"794.5","783.3","863.2","849.5","870.3","942.7","848.1","968.5","864.0","894.9","858.5","916.0"
"675.0","576.0","499.0","555.1","568.3","613.1","556.8","585.7","628.0","650.5","820.0","849.8"
"1795.0","1955.0","2170.0","2246.0","2433.5","2433.5","2479.0","2336.5","2356.5","2644.0","2777.5","3126.0"
"8706.0","9129.0","9802.0","9625.0","7751.0","7133.0","7153.0","8181.0","7858.0","8008.0","8420.0","2661.5"
"1839.0","1997.0","2007.0","1975.5","1961.0","2004.5","1843.5","1797.0","1999.0","2140.5","2434.5","2427.5"
"3500.0","3440.0","4122.0","4160.0","3779.0","3931.0","3637.0","3777.0","1259.5","1407.0","1339.5","1423.5"
"5009.0","4230.0","4631.0","4914.0","4520.0","4399.0","4216.0","4292.0","4246.0","4101.0","3904.0","4587.0"
"1132.0","1124.0","1244.0","1314.5","1319.0","1316.5","1288.0","1247.5","1220.0","1369.5","1449.5","1862.5"
"8030.0","8230.0","8192.0","8184.0","8426.0","7844.0","8521.0","9065.0","8634.0","9141.0","9801.0","1969.0"
"12870.0","13250.0","14585.0","15290.0","16065.0","15750.0","16150.0","16300.0","16350.0","16825.0","17765.0","17450.0"
"2647.0","2610.0","2768.5","2999.5","2975.5","3148.0","3227.0","3207.0","3172.0","3644.0","4025.0","3951.0"
"5450.0","5870.0","6290.0","6418.0","6875.0","6746.0","5678.0","6201.0","6069.0","7459.0","9100.0","10250.0"
"1214.0","1194.0","1393.5","1405.5","1532.5","1696.5","1424.0","1578.5","1523.5","1821.5","1758.0","1755.5"
"1591.0","1624.0","1740.0","1842.0","1870.0","1880.5","1660.5","1955.5","1816.0","2032.5","2132.0","2055.0"
"3775.0","3735.0","4421.0","4478.0","5311.0","5223.0","4729.0","5290.0","4418.0","4529.0","6368.0","7301.0"
"4230.0","4320.0","4428.0","4311.0","4286.0","3972.0","3545.0","3835.0","3942.0","4109.0","4083.0","4230.0"
"11000.0","14590.0","16240.0","15340.0","14850.0","7281.0","6934.0","10770.0","11930.0","14670.0","18735.0","19965.0"
"2882.0","2708.0","2886.0","3000.0","3095.0","3438.0","3419.0","4056.0","767.5","823.7","948.0","1042.0"
"2490.0","2829.0","2942.5","3035.0","2693.5","2829.5","2466.5","2783.0","2852.5","2938.5","3546.0","3584.0"
"4235.0","4435.0","4755.0","4721.0","5230.0","5101.0","4727.0","4471.0","4489.0","4529.0","4317.0","4398.0"
"370.6","347.1","346.4","395.8","437.8","415.5","382.3","430.6","499.7","462.0","412.9","387.6"
"3070.0","2846.0","2747.0","2710.5","2957.0","2673.5","2745.5","3198.0","2569.5","2365.0","2426.0","2510.0"
"5910.0","6250.0","6863.0","6704.0","7259.0","7009.0","6600.0","8371.0","8348.0","9353.0","12615.0","13790.0"
"1223.0","1071.0","1183.0","1302.0","1126.0","1006.0","1007.0","1104.5","1140.0","1168.5","1110.5","1073.5"
"3225.0","3135.0","3519.0","4282.0","4886.0","5104.0","5143.0","5189.0","6050.0","7201.0","7153.0","2023.0"
"3820.0","3780.0","4036.0","3987.0","3998.0","3692.0","3861.0","3924.0","3890.0","4007.0","3907.0","4270.0"
"2500.0","2689.0","2705.0","2628.0","2475.5","2441.5","2329.5","2813.0","2898.5","3090.0","3095.0","2951.0"
"1918.0","1802.0","1734.5","1804.5","1840.5","1724.0","1700.0","1735.5","1721.0","1732.5","1863.5","1844.0"
"5050.0","5090.0","5163.0","5136.0","5113.0","5244.0","5111.0","5370.0","5236.0","5566.0","5353.0","5528.0"
"4615.0","4435.0","5021.0","5386.0","4903.0","5261.0","5099.0","5031.0","4822.0","5385.0","4707.0","5620.0"
"6070.0","6090.0","6503.0","5889.0","6012.0","5865.0","6960.0","7870.0","7280.0","7706.0","8706.0","9475.0"
"767.7","737.2","800.4","795.2","786.1","778.0","724.8","767.1","733.1","740.5","690.5","740.1"
"2852.0","2795.0","3177.0","3375.0","3132.0","3278.0","3106.0","3293.0","3185.0","3504.0","3799.0","3987.0"
"3900.0","3975.0","4078.0","4039.0","3983.0","3890.0","3909.0","4153.0","4173.0","4292.0","4367.0","4671.0"
"5110.0","5440.0","5695.0","6400.0","6143.0","5385.0","4839.0","4983.0","4556.0","5645.0","6029.0","2795.0"
"2744.0","2608.5","2606.0","2601.5","2761.5","2868.0","2601.5","2721.0","2516.0","2672.0","2488.0","2454.5"
"7180.0","7110.0","7026.0","6846.0","6746.0","6299.0","5557.0","5856.0","5800.0","5874.0","5372.0","5353.0"
"1930.0","1925.0","2072.0","2159.0","2236.0","2153.0","2054.0","2100.5","2032.5","2117.0","2109.0","2230.0"
"3975.0","4010.0","4427.0","4615.0","4867.0","5650.0","5202.0","5451.0","4933.0","5555.0","5647.0","6221.0"
"2882.0","2983.0","3100.0","3342.0","3521.0","3575.0","3452.0","3464.0","3935.0","4089.0","3563.0","3879.0"
"2440.0","2860.0","3112.0","3432.0","3517.0","3545.0","3771.0","3883.0","3776.0","3770.0","4338.0","4748.0"
"513.0","540.0","562.6","649.5","646.4","681.5","696.5","693.9","644.6","707.7","758.0","769.8"
"704.0","757.0","854.5","939.9","946.9","996.0","988.9","964.4","946.8","1051.0","1033.0","1070.0"
"1865.0","1991.0","2028.0","2070.0","1947.0","1949.0","1935.0","2216.5","2114.5","2256.0","2344.0","2407.0"
"13120.0","11890.0","11910.0","12000.0","12720.0","12425.0","13150.0","14665.0","4921.0","4779.0","4377.0","4200.0"
"10230.0","9050.0","9105.0","7899.0","7634.0","3633.0","3557.0","3303.0","3167.0","3230.0","3228.0","3119.0"
"2834.0","2580.0","2883.0","3002.0","3385.0","3384.0","3350.0","3433.0","3349.0","4000.0","4541.0","5084.0"
"7270.0","7470.0","8077.0","8315.0","8575.0","2680.5","2638.0","2553.5","2497.0","2692.5","2481.0","2439.5"
"4875.0","4480.0","4713.0","4752.0","4355.0","4400.0","4350.0","3985.0","3618.0","3932.0","4148.0","4195.0"
"3285.0","3125.0","3218.0","3288.0","3652.0","3716.0","3718.0","3423.0","3349.0","3571.0","3377.0","3386.0"
"10180.0","11810.0","13520.0","13300.0","12170.0","2817.0","2386.0","2825.5","2702.5","2579.5","2542.5","2428.5"
"7942.0","8425.0","8768.0","7622.0","7038.0","6667.0","5347.0","6199.0","6583.0","6710.0","5552.0","5411.0"
"2925.0","3145.0","3483.0","3429.0","4106.0","3806.0","3534.0","3774.0","4203.0","4384.0","4279.0","4914.0"
"3410.0","3050.0","2869.0","2594.5","2543.5","2336.5","2259.5","2400.0","2389.5","2570.0","2286.0","2065.0"
"4590.0","4615.0","4984.0","4771.0","4609.0","4238.0","4239.0","4146.0","4472.0","4560.0","4606.0","4452.0"
"1007.0","1103.0","1320.5","1552.0","1830.0","1949.0","1762.0","1731.5","1824.5","2057.0","2051.0","2056.0"
"2938.0","2929.0","3674.0","3622.0","3739.0","3620.0","3292.0","3363.0","3119.0","3369.0","4133.0","5097.0"
"1496.0","1414.0","1462.0","1541.0","1671.0","1731.5","1694.0","1671.0","1534.0","1732.0","2114.0","2494.5"
"2199.0","2632.0","2650.5","2666.5","2888.5","2888.5","2712.5","2801.0","2689.0","2924.0","3164.0","3494.0"
"4795.0","5350.0","5956.0","5900.0","5578.0","5180.0","5657.0","5960.0","6664.0","6698.0","6995.0","6159.0"
"2124.0","2024.0","2099.5","2213.5","2468.5","2408.5","2339.0","2496.0","2250.5","2484.0","2509.5","2821.5"
"3415.0","3525.0","4229.0","4080.0","3956.0","3877.0","3763.0","4328.0","4182.0","4374.0","4148.0","4331.0"
"6620.0","6640.0","6945.0","6710.0","6189.0","5668.0","5642.0","7514.0","7548.0","8504.0","7426.0","7831.0"
"883.0","871.0","873.9","998.7","1041.5","1087.5","1119.5","1106.5","1018.5","1100.0","1218.0","1261.5"
"2543.0","2590.0","2973.0","3420.0","3447.0","3579.0","3957.0","3433.0","3327.0","3651.0","3884.0","4046.0"
"6690.0","7390.0","7521.0","7969.0","8456.0","7887.0","7754.0","7315.0","7383.0","9126.0","10080.0","10265.0"
"3720.0","3910.0","3591.0","3603.0","3437.0","3293.0","3205.0","3127.0","3107.0","3304.0","3375.0","3289.0"
"5110.0","5130.0","5212.0","5061.0","4714.0","4550.0","4478.0","4648.0","4650.0","4832.0","4922.0","5039.0"
"5670.0","5710.0","5494.0","5709.0","5683.0","5214.0","4538.0","5238.0","5520.0","5444.0","6089.0","6301.0"
"3465.0","16760.0","20870.0","16820.0","18050.0","14780.0","14420.0","13250.0","2560.0","3432.0","3843.0","4240.0"
"3320.0","3650.0","3858.0","3761.0","3993.0","3842.0","3624.0","3655.0","3789.0","3919.0","3827.0","3781.0"
"687.0","3108.0","3109.0","3263.0","2903.5","2716.0","2314.0","2445.5","2333.0","2354.5","2146.5","2137.0"
"1121.0","744.0","823.2","844.3","906.5","919.0","871.8","914.0","901.4","993.4","982.6","1248.5"
"793.0","1166.0","1222.5","1263.5","1188.0","1290.5","1212.5","1207.0","1083.0","1168.0","1245.0","1351.5"
"2071.0","873.0","920.5","966.3","961.8","975.4","963.8","990.6","1021.0","1108.5","1223.5","1376.5"
"1167.0","2119.0","2239.0","2332.5","2282.5","2349.5","2076.5","2198.0","2110.5","2166.5","2421.0","2645.5"
"920.0","1163.0","1231.0","1209.5","1308.0","1341.0","1377.0","1468.0","1476.5","1638.0","1493.0","1571.5"
"2139.0","1120.0","1202.5","1187.0","1207.0","1201.5","1071.0","1138.5","1084.5","1223.5","1828.0","2278.0"
"4315.0","2133.0","2326.0","2324.5","2371.0","2505.0","2422.5","2760.0","2810.0","2963.0","3615.0","3626.0"
"1824.0","5680.0","6401.0","7575.0","6866.0","6498.0","7925.0","8214.0","7389.0","7247.0","6553.0","6440.0"
"4780.0","1843.0","1800.5","1840.0","2037.5","2044.5","2225.5","2180.5","2065.0","2409.5","2182.0","2451.5"
"1021.0","5020.0","5156.0","5448.0","5594.0","5195.0","4848.0","4709.0","5161.0","5394.0","5106.0","5623.0"
"1426.0","1026.0","1039.0","1186.5","1185.0","1219.0","1276.5","1196.0","1195.0","1354.5","1465.0","1447.0"
"5320.0","1369.0","1422.5","1844.5","1878.5","1935.5","2121.5","2336.5","2359.5","2303.0","2364.0","2524.0"
"3020.0","7620.0","8100.0","8626.0","8792.0","7964.0","6341.0","7071.0","7815.0","7544.0","6901.0","6649.0"
"700.0","2680.0","2664.0","2716.0","2670.5","2604.0","2358.0","2437.0","2370.0","2333.5","2971.5","2690.5"
"4935.0","835.0","890.2","946.5","1018.0","967.6","940.1","946.9","958.9","987.7","1015.0","1196.5"
"1954.0","5260.0","5587.0","5917.0","6495.0","6332.0","6023.0","6035.0","5813.0","6234.0","6580.0","3197.0"
"3785.0","2048.0","2047.5","2074.5","2104.0","1915.0","2132.0","2137.5","2024.0","1914.5","1878.0","1903.0"
"2813.0","4415.0","4531.0","4480.0","4860.0","4578.0","4414.0","4772.0","4666.0","4812.0","4391.0","4194.0"
"1519.0","2970.0","3241.0","3030.0","3797.0","4055.0","3492.0","3090.0","2843.0","3038.0","3041.0","2967.0"
"2199.0","1456.0","1482.0","1580.5","1540.5","1439.0","1469.5","1784.5","1957.0","2091.0","2164.0","2422.5"
"7460.0","2097.0","2166.5","2298.5","2347.5","2520.5","2896.5","2765.0","2504.0","2774.0","2762.0","2905.5"
"5390.0","7650.0","8231.0","8381.0","7582.0","8094.0","7557.0","9957.0","11030.0","11970.0","14605.0","16030.0"
"1898.0","5490.0","5471.0","5540.0","5555.0","5102.0","5131.0","5131.0","4769.0","4817.0","4862.0","4948.0"
"1811.0","2032.0","1925.5","2077.0","2166.0","2234.5","2141.0","2079.5","2151.0","2260.5","2105.0","2076.0"
"2048.0","1605.0","1699.0","1856.5","1886.0","1918.0","1837.5","1967.0","1801.0","1911.0","2039.0","2062.0"
"3405.0","1940.0","1823.0","1736.0","1722.0","1600.5","1200.5","1493.0","1539.5","1400.5","1432.5","1817.5"
"4645.0","3225.0","3888.0","3492.0","3631.0","3135.0","2864.0","2856.0","2761.0","2845.0","3296.0","4099.0"
"2444.0","4235.0","4325.0","4371.0","3995.0","3863.0","3623.0","3797.0","3713.0","4015.0","4049.0","4272.0"
"3805.0","2655.0","2811.0","2918.0","2967.0","2688.0","2511.5","2866.5","2868.5","2831.5","3111.0","2634.5"
"2278.0","3845.0","3726.0","3788.0","3624.0","3506.0","3743.0","3904.0","4166.0","3770.0","4030.0","3737.0"
"2132.0","2269.0","2378.0","2463.0","2544.5","2472.5","2626.5","2893.0","2836.0","2800.5","2605.5","1262.5"
"7960.0","1800.0","1824.0","1817.5","1824.5","1741.5","1651.0","1805.5","1760.5","1979.0","1920.0","1877.0"
"829.0","7830.0","8104.0","8335.0","7569.0","7803.0","7719.0","8071.0","8014.0","8801.0","7919.0","7732.0"
"1141.0","846.0","910.3","979.6","979.7","1039.5","1071.0","971.6","936.6","989.5","868.8","1000.5"
"1482.0","1267.0","1225.5","1242.0","1354.5","1373.5","1307.5","1399.0","1405.0","1495.0","1486.5","1536.5"
"2170.0","1626.0","1865.5","1932.0","2218.5","1988.0","2018.5","2121.0","2138.5","2275.5","2654.0","2681.0"
"2075.0","2343.0","2488.0","2413.5","2660.5","2543.0","2469.5","2656.5","2700.5","2986.0","3459.0","4062.0"
"1264.0","2198.0","2351.0","2436.5","2497.0","2527.5","2530.0","2340.0","2285.5","2359.0","2265.5","2320.0"
"3270.0","1333.0","1413.0","1397.5","1544.0","1504.5","1450.0","1482.5","1470.0","1605.0","1662.5","1718.5"
"6680.0","3110.0","3438.0","3493.0","3653.0","3792.0","3423.0","3529.0","3555.0","3861.0","4457.0","4721.0"
"18480.0","6250.0","6688.0","6584.0","5530.0","5125.0","5000.0","5132.0","5063.0","5783.0","6344.0","5881.0"
"533.0","20170.0","20600.0","21070.0","24260.0","22775.0","21620.0","22990.0","23380.0","25860.0","27070.0","28270.0"
"347.0","537.0","537.6","561.0","596.0","629.0","643.4","549.2","543.0","578.6","586.3","637.9"
"1267.0","328.0","341.6","377.4","403.1","413.7","455.0","445.0","428.9","444.4","467.8","511.6"
"4705.0","1318.0","1398.5","1429.5","1655.5","1771.0","1720.0","1504.5","1425.5","1552.0","1513.0","1641.5"
"2334.0","5110.0","5368.0","4588.0","5013.0","4998.0","3759.0","4976.0","4951.0","3466.0","3354.0","2973.5"
"6020.0","2553.0","2603.0","2662.0","2736.5","2435.0","2504.0","2628.5","2605.5","2556.5","2275.0","2158.0"
"1825.0","6060.0","6169.0","6381.0","6248.0","6359.0","6095.0","5393.0","5506.0","5922.0","6253.0","5725.0"
"1700.0","2008.0","1951.0","2052.0","2759.5","2748.0","3205.0","3235.0","3216.0","3495.0","3525.0","3921.0"
"458.0","1683.0","1714.0","1742.0","1934.0","1982.0","1832.0","1804.0","1685.5","1852.0","1954.0","2040.0"
"18280.0","416.0","436.5","438.1","403.4","407.0","382.0","377.5","344.0","349.4","303.8","338.6"
"1965.0","18920.0","19075.0","17990.0","17655.0","17320.0","16950.0","16550.0","15965.0","17260.0","15915.0","15485.0"
"3375.0","2083.0","2154.0","2269.0","2494.0","2455.0","2388.0","2377.5","2396.5","2426.0","2236.5","2222.5"
"3085.0","3375.0","3414.0","3523.0","3668.0","3753.0","3505.0","3604.0","3709.0","4062.0","3723.0","4400.0"
"1396.0","2983.0","3097.0","3117.0","3173.0","3179.0","3081.0","3091.0","3107.0","3247.0","3443.0","3543.0"
"6170.0","1549.0","1857.5","1876.0","1574.0","1576.5","1416.0","1424.5","1396.0","1517.5","1480.5","1531.0"
"2788.0","6080.0","6387.0","7133.0","6951.0","6872.0","7302.0","7321.0","7283.0","8447.0","10255.0","10335.0"
"2856.0","2636.0","2589.0","2808.0","2495.0","243.4","224.3","254.8","242.1","236.7","216.3","213.5"
"6280.0","2844.0","2971.0","2772.0","2909.5","2742.5","2856.5","3125.0","3175.0","3253.0","3394.0","3806.0"
"9750.0","5580.0","6167.0","6619.0","7592.0","7100.0","6400.0","6069.0","5879.0","6188.0","8389.0","3050.0"
"2220.0","10680.0","10690.0","9976.0","10170.0","11100.0","10670.0","11435.0","10870.0","11670.0","11470.0","11455.0"
"1714.0","2325.0","2583.5","2541.0","2446.5","2419.0","2407.0","2434.0","2447.5","2715.0","2618.5","2917.5"
"4320.0","1720.0","1850.5","1897.5","1915.0","2068.0","1989.0","2101.5","2112.0","2288.5","2170.5","2631.5"
"1181.0","3915.0","3930.0","4401.0","5240.0","5260.0","5500.0","5635.0","5666.0","6166.0","6667.0","7675.0"
"1712.0","988.0","1048.0","897.9","928.0","806.3","789.7","894.6","885.1","956.5","1050.5","1125.5"
"606.0","1831.0","1993.5","2000.0","1833.0","1863.0","1896.5","1941.5","1926.5","1955.5","2160.5","2395.0"
"2615.0","587.0","624.4","731.9","785.3","824.9","853.4","801.1","785.7","808.6","917.3","1040.0"
"2173.0","9640.0","10705.0","10915.0","10660.0","10045.0","11050.0","12440.0","12925.0","11700.0","11300.0","10760.0"
"3970.0","2622.0","2592.5","2610.5","2475.5","2256.5","2239.5","2236.5","2197.5","2277.0","1894.5","2535.0"
"6430.0","2051.0","2119.0","2250.0","2272.0","2418.0","2309.5","2297.5","2288.5","2484.5","2462.0","2496.0"
"5000.0","3800.0","3901.0","4104.0","4518.0","4471.0","4530.0","4394.0","4780.0","5058.0","5246.0","5088.0"
"2430.0","6600.0","7604.0","7588.0","7675.0","7535.0","7188.0","7106.0","6433.0","6623.0","7445.0","8542.0"
"2190.0","6060.0","7930.0","7870.0","8030.0","7490.0","6983.0","8577.0","8671.0","9682.0","10225.0","12175.0"
"5360.0","2373.0","2839.5","2967.0","2794.5","2650.0","2568.5","2777.5","2906.0","3050.0","3143.0","3519.0"
"5330.0","2257.0","2312.0","2288.5","2339.0","2207.5","2107.5","2164.5","2263.0","2278.5","2138.5","2166.0"
"2939.0","5670.0","6092.0","6095.0","5654.0","5395.0","5131.0","6508.0","6738.0","7300.0","9210.0","9859.0"
"2044.0","5530.0","5506.0","5500.0","4499.0","4086.0","3979.0","3461.0","3257.0","3266.0","3271.0","3261.0"
"1850.0","2933.0","3150.0","3183.0","2964.5","3112.0","2756.5","3289.0","3233.0","3519.0","3979.0","4026.0"
"1221.0","2268.0","2622.0","2658.0","2576.5","2514.5","2448.0","2746.5","2999.0","3440.0","3933.0","4359.0"
"1968.0","1823.0","1945.5","1960.0","2002.0","2176.0","2279.0","2219.5","2396.0","2466.5","2552.5","2696.0"
"7050.0","1265.0","1369.0","1349.0","1358.0","1512.0","1461.5","1441.0","1539.5","1729.0","2120.0","2319.5"
"487.0","1949.0","2090.5","2128.5","1986.0","2012.5","2027.5","2337.5","2255.5","2422.0","2440.0","2590.0"
"3030.0","8280.0","8771.0","8965.0","9862.0","8896.0","8619.0","9163.0","3112.0","3403.0","4607.0","4579.0"
"2048.0","522.0","606.6","691.0","713.9","771.0","944.1","832.8","814.8","945.0","1127.0","1142.0"
"4005.0","2946.0","2945.0","2845.0","2665.5","2733.5","2670.0","2953.5","2764.5","2863.0","3294.0","3531.0"
"515.0","2208.0","2259.5","2362.5","2526.0","2609.0","2568.5","2724.0","2796.0","2906.0","2760.0","2837.5"
"6640.0","4980.0","5852.0","5736.0","5976.0","5823.0","4771.0","5519.0","5484.0","5530.0","5418.0","5617.0"
"12500.0","459.0","501.1","571.6","572.7","651.4","482.6","481.4","449.0","470.9","461.8","505.8"
"1595.0","6510.0","6500.0","6624.0","6907.0","6337.0","6630.0","6500.0","6211.0","5877.0","5894.0","5930.0"
"6190.0","12600.0","13620.0","14085.0","15010.0","14770.0","14895.0","16555.0","15760.0","16210.0","7971.0","8665.0"
"2410.0","1462.0","1512.0","1633.0","1383.5","1229.5","1213.5","1115.5","1080.5","1141.5","1391.5","1385.5"
"1068.0","5940.0","6163.0","6131.0","6572.0","5976.0","5933.0","6845.0","7006.0","6692.0","6729.0","2085.5"
"716.0","2304.0","2426.0","2494.5","2387.5","2486.5","2329.0","2210.0","2111.5","2243.0","1931.5","1993.5"
"1241.0","1184.0","1286.0","1316.0","1217.0","1251.0","1274.5","1421.0","1366.0","1453.0","1415.0","1514.0"
"1649.0","854.0","975.1","986.8","960.5","920.1","941.3","976.4","1006.5","1052.0","1010.5","1159.5"
"2536.0","1232.0","1394.0","1451.5","1537.5","1651.0","1514.5","1709.5","1532.0","1721.5","1744.0","1878.0"
"5040.0","1749.0","1779.5","1764.0","1920.5","1905.5","2277.0","2048.5","1898.5","2060.5","2075.0","2099.5"
"3790.0","2711.0","3072.0","3108.0","2908.5","2759.0","2346.0","2147.5","1972.0","2181.0","1877.0","2013.0"
"3760.0","4910.0","4523.0","4724.0","5040.0","5142.0","4470.0","4263.0","4439.0","4326.0","4203.0","4172.0"
"463.0","3740.0","3705.0","3750.0","4464.0","4757.0","5304.0","5766.0","6218.0","6845.0","6592.0","6031.0"
"3330.0","3645.0","3842.0","3748.0","3878.0","3692.0","3558.0","3712.0","4463.0","4509.0","4144.0","4004.0"
"1879.0","499.0","528.4","601.7","671.5","697.6","726.0","747.8","690.0","731.6","807.8","878.2"
"4140.0","3450.0","4028.0","4257.0","4541.0","4546.0","3852.0","3835.0","3727.0","4234.0","4324.0","4519.0"
"3735.0","1916.0","2204.5","2270.0","2278.5","2370.5","2245.5","2490.5","2599.5","2760.0","2912.0","3176.0"
"1272.0","4345.0","4087.0","4234.0","4057.0","4049.0","3336.0","3834.0","3730.0","3606.0","3270.0","3625.0"
"1482.0","3535.0","3792.0","4026.0","4158.0","3968.0","3671.0","3692.0","3686.0","3610.0","3464.0","3393.0"
"3045.0","1340.0","1507.5","1573.0","1521.5","1602.0","1491.5","1524.0","1568.5","1755.0","1792.5","1984.0"
"1912.0","1346.0","1342.5","1359.5","1585.5","1476.0","1451.5","1294.0","1308.5","1316.0","1321.0","1358.0"
"2794.0","2813.0","2901.0","2623.5","2558.5","2362.5","2389.5","2736.0","2653.0","2839.0","2562.0","2815.0"
"3715.0","2094.0","2114.5","2329.0","2389.0","2137.5","2199.0","2252.0","2409.0","2480.5","2170.0","2176.0"
"3860.0","2986.0","3081.0","3249.0","3446.0","3285.0","3268.0","3224.0","3474.0","3570.0","3757.0","4143.0"
"2542.0","5090.0","5940.0","5950.0","6830.0","7030.0","6025.0","7313.0","7437.0","7911.0","8258.0","7429.0"
"5410.0","3500.0","3913.0","4149.0","4318.0","4624.0","4614.0","5043.0","4669.0","4588.0","4458.0","4639.0"
"2432.0","2440.0","2492.5","2663.5","2610.0","2607.5","2593.0","2635.5","2945.0","2973.5","3003.0","3464.0"
"1610.0","5360.0","5167.0","5404.0","4926.0","5074.0","4928.0","4128.0","4183.0","4646.0","4722.0","4949.0"
"1657.0","2542.0","2674.5","2921.5","2862.0","3055.0","3066.0","3040.0","3063.0","3257.0","2748.5","2473.0"
"1462.0","1695.0","1904.5","1922.0","2196.5","2302.0","2216.0","2454.5","2360.0","2466.0","2710.0","2828.0"
"3300.0","1616.0","1773.0","1850.5","1809.0","1907.0","1850.5","1818.5","1832.0","1927.0","1854.5","1896.0"
"12330.0","1547.0","1524.0","1639.5","1898.5","1966.0","2019.0","2025.5","2024.5","2008.5","1982.5","2218.0"
"2160.0","3275.0","3147.0","3170.0","3398.0","3245.0","3135.0","3177.0","3139.0","3642.0","3442.0","3680.0"
"3265.0","11730.0","12200.0","11670.0","10415.0","10140.0","9454.0","11535.0","10135.0","9998.0","8678.0","9864.0"
"3280.0","2339.0","2508.0","2545.0","2522.5","2430.0","2369.5","2364.5","2364.5","2452.5","2438.5","2445.5"
"2286.0","3280.0","2801.0","2795.0","2768.5","2514.0","2530.0","2863.0","2897.0","2972.5","2966.5","2878.0"
"10590.0","2961.0","3131.0","3096.0","2821.5","2800.0","2763.5","3005.0","3268.0","3358.0","3489.0","3484.0"
"1426.0","2222.0","2356.0","2307.5","2426.5","2403.5","2624.5","2580.0","2484.5","2626.5","2790.5","2830.0"
"5990.0","11020.0","11200.0","10835.0","9228.0","8177.0","5986.0","8707.0","9798.0","9007.0","10085.0","9640.0"
"15810.0","1365.0","1378.5","1383.0","1535.0","1529.0","1430.5","1354.5","1283.0","1372.5","1485.5","1691.0"
"3260.0","5620.0","5820.0","6012.0","6345.0","6854.0","6244.0","6388.0","8223.0","9052.0","1710.0","1674.0"
"2598.0","14000.0","13790.0","13920.0","12090.0","10855.0","9907.0","10465.0","10575.0","9699.0","8361.0","7969.0"
"2519.0","3110.0","3159.0","3010.0","2759.0","2696.5","2650.0","2767.5","2877.5","2856.0","2484.0","2560.0"
"5320.0","2705.0","2844.5","2840.5","3103.0","3126.0","3094.0","3207.0","3110.0","3236.0","3306.0","3548.0"
"3745.0","2656.0","2889.0","2955.5","3099.0","3064.0","3126.0","3118.0","3135.0","3303.0","3148.0","1619.0"
"2004.0","5460.0","6130.0","6789.0","7028.0","7146.0","7178.0","7462.0","7441.0","8221.0","8350.0","8589.0"
"8480.0","3970.0","4268.0","4196.0","4303.0","4055.0","4094.0","4475.0","4532.0","4458.0","4673.0","4667.0"
"3700.0","1874.0","2013.0","2066.0","2187.0","2188.0","2043.0","1992.5","1921.5","2060.0","2254.0","2441.5"
"764.0","7880.0","7821.0","7818.0","7202.0","6675.0","6220.0","6820.0","6790.0","6670.0","5980.0","5095.0"
"2589.0","3035.0","3103.0","3673.0","3576.0","3253.0","2940.0","3434.0","3715.0","3431.0","2996.5","3098.0"
"671.0","845.0","917.4","918.9","849.3","841.2","805.3","775.1","763.0","809.0","819.9","883.7"
"1071.0","2537.0","2530.5","2581.5","2571.0","2786.0","3007.0","3120.0","3031.0","3289.0","3616.0","3872.0"
"3940.0","759.0","816.0","878.6","910.3","917.2","954.1","927.0","902.7","996.4","1068.5","1091.0"
"2975.0","1236.0","1355.0","1383.5","1522.0","1548.0","1586.5","1561.5","1403.5","1547.5","1535.5","1443.5"
"2944.0","4840.0","5094.0","4868.0","4650.0","4458.0","4210.0","5862.0","6190.0","6825.0","6637.0","6258.0"
"1320.0","3105.0","3260.0","3298.0","3282.0","3080.0","3050.0","3239.0","3366.0","3405.0","3506.0","3359.0"
"831.0","2715.0","2727.0","2761.5","2905.5","2844.0","2905.0","2769.0","2833.5","3103.0","3206.0","3429.0"
"2888.0","1312.0","1272.0","1351.5","1343.5","1270.5","1278.0","1262.0","1288.5","1290.5","1330.5","1393.0"
"3795.0","912.0","966.4","1105.0","1157.5","1310.5","1374.0","1298.5","1263.5","1412.5","1519.0","1558.5"
"4430.0","3115.0","3440.0","3521.0","3427.0","2992.0","2884.5","2664.0","2871.0","3140.0","2856.0","2652.0"
"3270.0","3930.0","814.2","868.6","928.7","902.2","881.6","856.8","811.2","806.7","830.3","831.9"
"3230.0","4045.0","4546.0","4588.0","4682.0","4651.0","4578.0","5256.0","5152.0","5173.0","5229.0","5329.0"
"5760.0","3365.0","3533.0","3486.0","3771.0","3734.0","3750.0","4273.0","4415.0","4332.0","4634.0","4531.0"
"1513.0","3055.0","3309.0","3358.0","3722.0","3795.0","3899.0","4540.0","4335.0","4587.0","4412.0","4707.0"
"1689.0","5790.0","6420.0","6335.0","6539.0","5941.0","6089.0","6414.0","6482.0","7068.0","2349.5","2603.5"
"2566.0","1290.0","1441.5","1519.0","1480.0","1453.0","1358.0","1345.5","1336.5","1364.0","1270.0","1410.0"
"10020.0","1699.0","1865.0","1991.0","1947.0","2079.5","1842.0","1661.5","1627.5","1739.0","1362.5","1490.0"
"7710.0","3070.0","3135.0","3220.0","3612.0","3690.0","3391.0","4633.0","4126.0","4298.0","6026.0","6687.0"
"1002.0","11040.0","11610.0","11110.0","11610.0","10330.0","11090.0","14560.0","15060.0","16620.0","21040.0","21600.0"
"1915.0","413.0","424.4","429.6","458.0","459.5","477.8","428.5","438.4","450.5","430.8","441.2"
"1914.0","7580.0","7807.0","7869.0","2650.5","2688.0","2330.5","2440.5","2465.0","2567.5","2565.5","2898.5"
"4990.0","945.0","1048.5","1137.0","1131.0","1144.0","1057.0","1125.0","1197.0","1227.5","1438.0","1497.0"
"1033.0","2115.0","2117.0","2311.5","2637.0","2447.5","2525.0","2294.5","2287.0","2357.5","2518.0","2438.5"
"792.0","1932.0","2021.5","2094.0","2274.5","2216.0","2260.5","2237.0","2327.5","2294.5","2345.0","2569.5"
"966.0","4985.0","4998.0","4989.0","5047.0","4911.0","4815.0","4997.0","5315.0","5501.0","5495.0","5501.0"
"3615.0","977.0","1098.5","813.0","810.1","719.5","685.5","685.2","777.7","892.1","1003.0","987.0"
"2276.0","747.0","808.4","1003.5","1012.0","1075.0","1080.5","955.8","947.2","1010.0","1123.0","1173.0"
"4780.0","800.0","803.9","845.0","896.9","932.0","939.7","925.6","1005.5","997.0","815.5","831.3"
"2152.0","3695.0","3860.0","4099.0","4482.0","4686.0","4485.0","4663.0","5086.0","5637.0","5822.0","6369.0"
"793.0","2331.0","2410.0","2565.0","2931.0","2906.0","2969.0","2999.0","3220.0","3420.0","4365.0","4880.0"
"3925.0","4720.0","4748.0","4925.0","5084.0","5171.0","4517.0","5039.0","5181.0","5544.0","5291.0","5222.0"
"594.0","2255.0","2470.5","2593.5","2457.5","2521.5","2314.0","2323.5","2290.0","2463.5","2510.5","2726.5"
"2132.0","773.0","808.0","791.6","819.3","809.6","835.6","844.3","932.8","933.0","926.2","1022.5"
"13380.0","3300.0","3625.0","3545.0","4678.0","4578.0","4806.0","4918.0","5209.0","5599.0","5744.0","6030.0"
"2555.0","626.0","646.1","676.6","764.7","731.7","731.2","737.4","759.1","807.1","952.6","960.1"
"2803.0","2273.0","2389.5","2441.0","2499.0","2350.5","2273.5","2323.5","2260.0","2423.5","2492.0","2554.0"
"1235.0","13260.0","14570.0","16430.0","17115.0","15295.0","15695.0","15650.0","16285.0","15855.0","14630.0","14470.0"
"3360.0","2584.0","2775.5","2751.0","2957.0","2865.0","2843.5","2909.5","3087.0","3227.0","2622.5","2567.5"
"4205.0","2749.0","2700.5","2644.0","2534.0","2417.5","2424.5","2657.0","2884.0","2880.0","2777.5","2836.0"
"3065.0","1232.0","1257.0","1255.5","1217.5","1297.5","1229.0","1295.5","1228.5","1101.5","1100.0","1198.0"
"2199.0","3400.0","3549.0","3569.0","3871.0","3972.0","3921.0","4431.0","4249.0","4581.0","4595.0","4975.0"
"2846.0","4130.0","3969.0","4065.0","4309.0","4809.0","4897.0","4495.0","4282.0","4303.0","4175.0","3713.0"
"5170.0","3065.0","3295.0","3366.0","3788.0","3720.0","3723.0","3821.0","3669.0","3779.0","3920.0","4022.0"
"2272.0","2434.0","2560.0","3025.0","3150.0","3170.0","3335.0","3430.0","3480.0","3575.0","3935.0","4145.0"
"5620.0","2948.0","2995.5","2676.0","2677.5","2583.5","2499.5","2584.0","2466.0","2491.0","2826.0","2564.5"
"8100.0","5490.0","5967.0","6177.0","6893.0","6523.0","6643.0","7061.0","7403.0","7396.0","8600.0","4628.0"
"17250.0","2278.0","2541.5","2599.5","2405.0","2324.0","2256.5","2506.0","2425.0","2516.5","2576.0","2669.0"
"9920.0","5840.0","5679.0","6143.0","5485.0","4802.0","3772.0","4542.0","4322.0","5847.0","6610.0","6683.0"
"3170.0","8790.0","4630.0","4735.0","4400.0","4840.0","5400.0","5990.0","5910.0","6500.0","6380.0","6010.0"
"803.0","19400.0","22220.0","23590.0","27130.0","23480.0","26210.0","29770.0","29500.0","29800.0","34100.0","32400.0"
"1863.0","9850.0","11040.0","11730.0","12050.0","12050.0","12180.0","12000.0","12245.0","13280.0","13675.0","13760.0"
"3825.0","3155.0","3220.0","3014.0","3060.0","2902.5","2885.0","2802.5","2865.0","2882.0","2925.0","3191.0"
"2752.0","963.0","981.4","1001.5","1050.0","1023.5","1028.5","1023.0","1013.5","1046.0","1089.0","1198.5"
"1231.0","2027.0","2063.0","2123.0","1735.0","1517.0","1449.0","1677.5","1746.0","1688.5","1717.5","1881.5"
"1506.0","3785.0","4008.0","4082.0","4459.0","4470.0","4294.0","4648.0","2339.0","2564.5","2734.0","2775.0"
"564.0","2761.0","2662.5","2645.5","2748.5","2780.0","2697.0","2795.0","2656.5","2674.5","2760.0","3823.0"
"973.0","1768.0","2000.0","2264.0","2180.0","2119.0","2252.0","3835.0","3670.0","4450.0","7520.0","8920.0"
"2378.0","1582.0","2045.0","2235.5","2122.5","2095.5","2189.5","2083.0","2138.0","2159.0","2118.0","2115.0"
"2239.0","464.0","498.3","526.2","450.5","486.5","419.6","467.9","412.8","407.5","493.9","496.4"
"5800.0","1073.0","1149.5","1271.0","1320.0","1600.5","1748.5","1568.0","1523.5","1575.0","1725.0","1938.0"
"2477.0","2415.0","2809.0","2856.5","2765.0","2663.0","2406.5","2173.5","1985.0","2144.0","2815.0","3146.0"
"4185.0","2035.0","2133.5","2246.5","2336.0","2233.5","2164.0","2250.5","2446.0","2574.0","2580.5","2655.0"
"2502.0","5620.0","5716.0","5773.0","5868.0","5876.0","5920.0","6025.0","6267.0","6591.0","6411.0","6424.0"
"4650.0","2382.0","2537.0","2726.5","2505.0","2382.0","2243.0","2378.5","2217.0","2700.0","2964.5","3237.0"
"1533.0","4130.0","4525.0","4855.0","4640.0","4745.0","4510.0","4560.0","4995.0","5440.0","5690.0","5930.0"
"3495.0","2487.0","2611.0","2681.0","2511.5","2428.5","2367.5","2433.5","2771.5","2795.0","2887.0","2888.0"
"2282.0","4910.0","5176.0","5562.0","5599.0","5966.0","5754.0","5892.0","1527.0","1651.5","1563.0","1587.0"
"6200.0","1649.0","1810.0","1924.0","2365.0","2162.0","2071.5","2078.5","2232.5","2433.5","2667.5","2813.5"
"3885.0","3680.0","3768.0","3760.0","3842.0","4105.0","4386.0","4079.0","4175.0","4321.0","4468.0","4233.0"
"1764.0","2448.0","2735.5","2877.5","2802.5","2556.5","2499.0","2869.5","2870.0","2909.5","3084.0","3224.0"
"5210.0","6380.0","5874.0","5754.0","6399.0","6329.0","6094.0","5331.0","4996.0","5235.0","4770.0","4470.0"
"2893.0","3730.0","4259.0","4230.0","4300.0","3869.0","3501.0","3612.0","3645.0","3867.0","3607.0","3861.0"
"2512.0","1817.0","2007.0","2086.0","2051.0","2068.0","2026.0","2054.0","2065.0","2300.0","2387.0","2592.0"
"3710.0","5190.0","5977.0","6085.0","6030.0","6081.0","5858.0","6827.0","1501.0","1550.0","1769.5","1816.5"
"1937.0","2960.0","3135.0","3510.0","3980.0","3685.0","3644.0","4151.0","4053.0","4530.0","4296.0","4157.0"
"659.0","2579.0","2553.5","2812.0","2844.5","2816.0","3532.0","3270.0","3205.0","3293.0","3184.0","3406.0"
"2736.0","3760.0","4430.0","4445.0","4640.0","4900.0","4250.0","4325.0","4285.0","5100.0","5260.0","6100.0"
"909.0","1894.0","1975.5","2280.0","2265.0","2371.5","2328.0","2302.5","2294.0","2386.0","2368.0","2487.0"
"1115.0","704.0","772.1","771.3","866.1","889.2","883.5","810.4","791.9","793.2","775.5","776.9"
"1126.0","2640.0","2990.0","2918.0","3050.0","3065.0","2976.0","3155.0","3390.0","3465.0","3930.0","4070.0"
"840.0","855.0","865.1","954.5","967.8","1116.5","1198.5","1059.0","1001.5","1049.5","1180.5","1314.5"
"2494.0","1162.0","1305.0","1338.5","1319.5","1411.0","1226.5","1355.5","1193.5","1362.5","1394.0","1428.0"
"2092.0","1065.0","1275.0","1512.0","1510.0","1708.0","1786.0","1633.0","1631.0","1711.0","1891.0","1916.0"
"2759.0","814.0","949.0","935.0","863.0","839.0","781.0","901.0","937.0","917.0","1230.0","1319.0"
"5480.0","2704.0","2885.0","2783.0","2558.0","2836.0","2612.0","2800.0","2711.0","2780.0","2855.0","2976.0"
"4500.0","2081.0","1952.0","1873.0","2056.0","1895.0","1691.0","1802.5","1806.5","1938.0","1778.0","1833.0"
"512.0","2900.0","3028.0","3228.0","3177.0","3282.0","3071.0","3147.0","3342.0","3411.0","3662.0","3872.0"
"1022.0","4910.0","5464.0","5569.0","6282.0","6222.0","5754.0","5739.0","5990.0","6082.0","6324.0","3505.0"
"885.0","4120.0","4300.0","4880.0","4780.0","5630.0","5150.0","5690.0","5240.0","6040.0","6090.0","6860.0"
"1394.0","572.0","592.0","663.8","671.0","652.2","632.6","625.8","624.6","661.1","686.0","840.2"
"2710.0","1008.0","1157.0","1246.0","1335.0","1377.0","1396.0","1328.0","1378.0","1522.0","1709.0","1749.0"
"1205.0","830.0","885.9","905.5","989.8","1026.0","997.2","935.5","940.0","959.3","998.9","1170.0"
"2457.0","1446.0","1389.5","1531.0","1605.5","1563.0","1237.5","1374.0","1310.5","1346.0","1270.0","1321.0"
"7120.0","2542.0","2647.0","2774.0","2920.0","3206.0","3400.0","3230.0","3222.0","3198.0","3163.0","3652.0"
"3390.0","1201.0","1255.5","1305.0","1342.0","1372.0","1405.0","1259.5","1321.0","1340.5","1297.5","1339.5"
"5120.0","2867.0","3076.0","2955.0","2950.0","2777.0","2423.0","2553.5","2450.0","2451.0","2727.5","3388.0"
"1022.0","6930.0","7220.0","7497.0","7678.0","7689.0","7751.0","8067.0","8069.0","8521.0","8612.0","9145.0"
"4035.0","3435.0","3575.0","3726.0","3827.0","3877.0","3599.0","3731.0","4276.0","4513.0","4454.0","4488.0"
"2990.0","4955.0","4718.0","4797.0","5962.0","5627.0","5899.0","2760.0","2728.0","3026.0","3108.0","3126.0"
"2207.0","990.0","1019.5","1032.5","1208.0","1209.0","1146.5","1118.0","1107.0","1192.5","1239.0","1225.5"
"3610.0","4430.0","4505.0","4623.0","5293.0","5402.0","5448.0","5277.0","2558.5","2823.5","2689.5","2625.5"
"2031.0","3270.0","3205.0","3285.0","3145.0","3120.0","3183.0","3229.0","3115.0","3253.0","3143.0","3096.0"
"3195.0","2157.0","2368.5","2442.5","2326.0","2350.0","2271.0","2401.0","2391.0","2378.0","2428.0","2715.0"
"2291.0","3710.0","3740.0","3582.0","3365.0","3010.0","2903.5","2866.0","2808.0","2719.0","3190.0","2925.5"
"1690.0","2450.0","2561.0","2677.0","3675.0","4155.0","5090.0","7060.0","7130.0","7740.0","9350.0","10670.0"
"3140.0","3175.0","3149.0","3121.0","2855.0","2838.0","2296.0","2056.0","2403.5","2402.0","2600.0","2700.0"
"3025.0","2319.0","2474.0","2587.5","2551.5","2704.0","2639.0","2867.5","2827.0","2935.5","3026.0","2987.0"
"3600.0","1904.0","1984.0","1874.0","1943.0","1964.0","2031.0","2159.0","2379.0","2393.0","2449.0","2535.0"
"1228.0","3365.0","4110.0","4072.0","4070.0","4017.0","4019.0","4069.0","4020.0","4035.0","4022.0","4333.0"
"1830.0","3005.0","3275.0","3155.0","3155.0","3235.0","3130.0","3280.0","3400.0","3540.0","3535.0","3505.0"
"2139.0","3740.0","4021.0","4182.0","4093.0","3882.0","3669.0","3713.0","3582.0","3608.0","3599.0","3814.0"
"25150.0","1168.0","1228.0","1310.5","1305.5","1249.5","1289.0","1350.0","1345.5","1323.5","1288.5","1306.0"
"2078.0","2151.0","2140.0","1807.5","1869.0","1611.0","1090.5","1266.5","1486.5","1304.0","1576.5","1423.5"
"1137.0","2275.0","2565.5","2589.0","2757.5","2726.0","2597.0","2550.0","2237.5","2452.5","2370.5","2569.0"
"1228.0","24460.0","26195.0","33600.0","30000.0","27310.0","27150.0","34440.0","35820.0","26865.0","27580.0","23715.0"
"749.0","1987.0","2038.0","2110.0","2524.0","2415.0","2343.0","2234.0","2222.0","2364.5","2240.0","2168.5"
"896.0","1045.0","1068.0","1068.0","1082.0","1103.0","1143.0","1221.0","1344.0","1375.0","1287.0","1282.0"
"2722.0","1156.0","1318.0","1263.0","1152.0","1171.0","1147.0","1094.0","1025.5","1044.5","986.7","996.7"
"1288.0","856.0","866.0","928.0","893.0","920.0","873.0","867.0","841.0","942.0","1042.0","991.0"
"2624.0","1011.0","1075.0","1137.0","1187.0","1167.0","1163.0","1092.0","1116.0","1196.0","1235.0","1186.0"
"635.0","2559.0","2750.0","2820.5","2357.5","2315.0","2182.5","2376.5","2563.0","2677.5","2703.5","2780.5"
"6510.0","1160.0","1181.0","1214.0","1291.5","1253.5","1202.0","1249.0","1223.5","1278.0","1206.5","1296.0"
"7010.0","2624.0","2867.5","2985.5","3323.0","3161.0","3188.0","3217.0","3080.0","3179.0","3076.0","2954.5"
"3800.0","778.0","775.3","867.1","848.1","806.0","746.7","722.3","733.6","724.5","724.3","803.7"
"2498.0","6920.0","8099.0","8158.0","9115.0","8656.0","9841.0","3422.0","3207.0","3197.0","3138.0","3164.0"
"4460.0","8970.0","3535.0","3445.0","3370.0","3005.0","2977.0","2929.0","3135.0","2977.0","3755.0","3520.0"
"3080.0","4180.0","4695.0","4880.0","4810.0","4910.0","4770.0","4960.0","4840.0","5380.0","5500.0","1162.0"
"1830.0","2347.0","2485.5","2432.0","2262.5","2125.5","1964.0","1810.5","1608.5","1844.0","1872.5","1620.0"
"3610.0","5030.0","5540.0","5480.0","5330.0","5060.0","4720.0","5830.0","6450.0","7040.0","7880.0","9290.0"
"1686.0","2955.0","3157.0","3376.0","3455.0","3337.0","3458.0","3325.0","3412.0","3431.0","3556.0","3720.0"
"5140.0","1759.0","1861.0","1756.5","1746.0","1760.0","1713.0","1719.5","1772.0","1829.5","1749.0","1792.0"
"2112.0","3580.0","3671.0","3652.0","3725.0","3450.0","3253.0","3429.0","3576.0","3782.0","3850.0","3793.0"
"1042.0","1896.0","1938.0","1968.5","1837.0","1816.5","1830.0","1905.0","2025.5","2076.0","1982.0","1949.5"
"3215.0","5070.0","5260.0","5970.0","6250.0","6200.0","6446.0","6759.0","6450.0","7167.0","7150.0","7383.0"
"1903.0","1983.0","1984.5","1920.0","1689.0","1688.5","1600.5","1659.0","1624.0","1616.5","1526.0","1453.5"
"2318.0","1027.0","1190.0","1221.0","1083.0","1112.0","1084.0","1086.5","1145.5","1224.5","1252.0","1232.0"
"1922.0","3510.0","3385.0","3355.0","3230.0","3190.0","3075.0","3515.0","3525.0","3650.0","4025.0","4020.0"
"2584.0","1919.0","2058.5","1891.5","1839.0","1762.0","1710.0","1841.0","2022.0","2022.5","2099.5","2187.0"
"2393.0","2852.0","3359.0","3596.0","3318.0","3226.0","3001.0","2829.5","2612.5","2464.0","2041.5","1967.0"
"3270.0","1941.0","2108.0","1726.5","1757.0","1649.5","1361.5","1517.0","1520.0","1710.0","1776.5","1782.5"
"1824.0","2553.0","2535.5","2750.5","2847.0","2941.0","2654.5","2682.5","2738.0","2711.5","2715.0","2749.0"
"3690.0","2366.0","2380.0","2303.5","2476.5","2268.5","2325.0","2087.5","2407.5","2248.0","2175.0","2102.0"
"5430.0","3760.0","4235.0","4115.0","4050.0","4200.0","4915.0","6060.0","5840.0","6170.0","7670.0","7700.0"
"2315.0","1850.0","2099.5","2138.0","2044.5","1985.5","1767.0","1885.0","1881.5","1971.0","2120.5","2093.0"
"278.0","4040.0","4010.0","3730.0","3950.0","4255.0","4370.0","4645.0","4575.0","4930.0","5010.0","4940.0"
"5640.0","5150.0","5370.0","5467.0","5547.0","5430.0","5585.0","5351.0","5434.0","5565.0","5611.0","1466.0"
"1242.0","2296.0","2722.0","3028.0","3149.0","3212.0","2965.0","2958.0","2645.5","2875.5","3081.0","3245.0"
"519.0","273.0","283.1","308.8","309.8","310.9","298.3","300.3","299.7","309.4","299.2","295.7"
"7100.0","5650.0","5075.0","5051.0","5203.0","4410.0","4242.0","4500.0","4474.0","4832.0","4738.0","5526.0"
"5740.0","1201.0","1226.5","1119.0","1068.5","1067.5","1122.0","1283.5","1360.5","1172.0","1287.0","1236.5"
"3570.0","482.0","493.0","477.0","501.0","580.0","411.0","543.0","706.0","763.0","1844.0","1915.0"
"2713.0","7140.0","7940.0","7810.0","7660.0","7540.0","7330.0","7970.0","8980.0","9320.0","8570.0","9150.0"
"3750.0","5310.0","5682.0","5649.0","5721.0","5460.0","4779.0","5072.0","5600.0","5607.0","5218.0","2656.0"
"1604.0","3350.0","3500.0","3704.0","3693.0","3708.0","3633.0","3914.0","3926.0","4057.0","4541.0","4465.0"
"2060.0","2563.0","2712.5","2805.5","2747.5","2703.0","2713.5","2645.0","2496.0","2582.0","2456.0","2346.5"
"3410.0","3590.0","3770.0","4542.0","4942.0","5447.0","4792.0","4618.0","4311.0","4216.0","3874.0","3973.0"
"514.0","1452.0","1470.0","1529.0","1755.0","1814.0","1610.0","1646.0","1527.0","1586.0","1749.0","1945.0"
"1424.0","2128.0","2350.0","2158.0","2014.0","2061.0","1883.0","2409.0","2540.0","2630.0","3070.0","3015.0"
"2010.0","3495.0","3655.0","4520.0","4580.0","4850.0","6120.0","5740.0","5030.0","5070.0","4890.0","5300.0"
"2263.0","515.0","577.0","598.0","607.0","633.0","642.0","751.0","779.0","864.0","808.0","893.0"
"1687.0","1253.0","1220.0","1204.0","1217.0","1214.0","1178.0","1279.0","1293.0","1375.0","1442.0","1477.0"
"1101.0","1879.0","1881.0","1756.0","2426.0","2195.0","1985.0","2350.0","2338.0","2242.0","2405.0","2412.0"
"2350.0","2467.0","2483.0","2609.0","3020.0","2913.0","2823.0","2868.0","3100.0","3260.0","3525.0","3340.0"
"3170.0","1741.0","1810.5","1825.0","1929.0","1966.5","1994.0","1846.5","1859.0","1953.5","1866.5","1910.0"
"2000.0","1096.0","1268.0","1371.0","1436.0","1345.0","1419.0","1628.0","1682.0","1703.0","1907.0","2162.0"
"512.0","2268.0","2400.0","2490.0","2552.5","2284.0","2254.5","2277.0","2371.0","2337.5","2072.5","2003.0"
"3330.0","2902.0","2873.0","3012.0","2810.0","2545.5","2370.0","2810.0","2899.5","2687.5","2651.5","2588.0"
"990.0","1883.0","1941.0","1908.0","1890.0","1897.0","1910.0","1909.0","1951.0","2057.0","1937.0","1932.0"
"2056.0","482.0","552.0","553.0","523.0","558.0","657.0","661.0","719.0","777.0","924.0","887.0"
"1170.0","3830.0","4070.0","4250.0","4555.0","4490.0","4600.0","4515.0","4685.0","5170.0","5090.0","5090.0"
"3385.0","996.0","975.0","1087.0","1197.0","1142.0","1044.0","1045.0","1094.0","1110.0","1049.0","1050.0"
"10000.0","2244.0","2429.5","2412.0","2371.0","2062.5","1856.0","2665.0","2612.5","2457.5","2357.5","2050.0"
"760.0","1201.0","1288.0","1346.5","1389.0","1344.0","1375.5","1360.0","1372.0","1420.0","1542.0","1595.0"
"2857.0","3535.0","3710.0","3725.0","4650.0","4740.0","4390.0","4045.0","3930.0","4430.0","5260.0","6360.0"
